fold 	 iteration 	 training's auc 	 valid1's auc
0 	 0 	 0.891050 	 0.795360
0 	 1 	 0.891590 	 0.796587
0 	 2 	 0.902982 	 0.813992
0 	 3 	 0.902503 	 0.814155
0 	 4 	 0.907831 	 0.824627
0 	 5 	 0.908340 	 0.826324
0 	 6 	 0.913051 	 0.825985
0 	 7 	 0.913611 	 0.825729
0 	 8 	 0.916482 	 0.829900
0 	 9 	 0.916906 	 0.830326
0 	 10 	 0.921899 	 0.833936
0 	 11 	 0.921777 	 0.833412
0 	 12 	 0.922072 	 0.839358
0 	 13 	 0.922082 	 0.839472
0 	 14 	 0.923097 	 0.841230
0 	 15 	 0.923071 	 0.841193
0 	 16 	 0.926262 	 0.840644
0 	 17 	 0.926269 	 0.840522
0 	 18 	 0.928624 	 0.841761
0 	 19 	 0.928605 	 0.841941
0 	 20 	 0.931626 	 0.840692
0 	 21 	 0.931618 	 0.840563
0 	 22 	 0.933642 	 0.840087
0 	 23 	 0.933630 	 0.840131
0 	 24 	 0.934505 	 0.839958
0 	 25 	 0.934498 	 0.839871
0 	 26 	 0.936099 	 0.840051
0 	 27 	 0.936099 	 0.840034
0 	 28 	 0.937416 	 0.839982
0 	 29 	 0.937420 	 0.839983
0 	 30 	 0.939163 	 0.839809
0 	 31 	 0.939167 	 0.839766
0 	 32 	 0.941038 	 0.840220
0 	 33 	 0.941037 	 0.840102
0 	 34 	 0.942988 	 0.841588
0 	 35 	 0.943000 	 0.841573
0 	 36 	 0.944603 	 0.842965
0 	 37 	 0.944590 	 0.842971
0 	 38 	 0.945372 	 0.842827
0 	 39 	 0.945384 	 0.842704
0 	 40 	 0.946670 	 0.843249
0 	 41 	 0.946671 	 0.843190
0 	 42 	 0.947426 	 0.843528
0 	 43 	 0.947429 	 0.843515
0 	 44 	 0.948798 	 0.842365
0 	 45 	 0.948799 	 0.842452
0 	 46 	 0.949627 	 0.842453
0 	 47 	 0.949627 	 0.842386
0 	 48 	 0.950939 	 0.842958
0 	 49 	 0.950939 	 0.842868
0 	 50 	 0.951913 	 0.842560
0 	 51 	 0.951913 	 0.842575
0 	 52 	 0.953034 	 0.843028
0 	 53 	 0.953034 	 0.842989
0 	 54 	 0.954196 	 0.843530
0 	 55 	 0.954199 	 0.843531
0 	 56 	 0.955275 	 0.843415
0 	 57 	 0.955276 	 0.843371
0 	 58 	 0.956182 	 0.844602
0 	 59 	 0.956182 	 0.844574
0 	 60 	 0.956947 	 0.845592
0 	 61 	 0.956948 	 0.845626
0 	 62 	 0.957598 	 0.845723
0 	 63 	 0.957598 	 0.845694
0 	 64 	 0.958483 	 0.845868
0 	 65 	 0.958483 	 0.845866
0 	 66 	 0.959056 	 0.845805
0 	 67 	 0.959057 	 0.845821
0 	 68 	 0.960162 	 0.846459
0 	 69 	 0.960162 	 0.846475
0 	 70 	 0.960796 	 0.845530
0 	 71 	 0.960796 	 0.845552
0 	 72 	 0.961783 	 0.845692
0 	 73 	 0.961783 	 0.845667
0 	 74 	 0.962686 	 0.845254
0 	 75 	 0.962686 	 0.845279
0 	 76 	 0.963398 	 0.845409
0 	 77 	 0.963397 	 0.845388
0 	 78 	 0.963874 	 0.845800
0 	 79 	 0.963874 	 0.845797
0 	 80 	 0.964907 	 0.846134
0 	 81 	 0.964907 	 0.846132
0 	 82 	 0.965782 	 0.846792
0 	 83 	 0.965782 	 0.846788
0 	 84 	 0.966781 	 0.846132
0 	 85 	 0.966781 	 0.846133
0 	 86 	 0.967437 	 0.845892
0 	 87 	 0.967437 	 0.845892
0 	 88 	 0.968206 	 0.845413
0 	 89 	 0.968206 	 0.845414
0 	 90 	 0.968744 	 0.845736
0 	 91 	 0.968744 	 0.845743
0 	 92 	 0.969330 	 0.846295
0 	 93 	 0.969330 	 0.846295
0 	 94 	 0.969744 	 0.846875
0 	 95 	 0.969744 	 0.846874
0 	 96 	 0.970372 	 0.847629
0 	 97 	 0.970372 	 0.847629
0 	 98 	 0.970961 	 0.847863
0 	 99 	 0.970961 	 0.847862
0 	 100 	 0.971554 	 0.847700
0 	 101 	 0.971554 	 0.847702
0 	 102 	 0.972074 	 0.848103
0 	 103 	 0.972074 	 0.848102
0 	 104 	 0.972583 	 0.848401
0 	 105 	 0.972583 	 0.848401
0 	 106 	 0.973051 	 0.848610
0 	 107 	 0.973051 	 0.848609
0 	 108 	 0.973485 	 0.849276
0 	 109 	 0.973485 	 0.849277
0 	 110 	 0.973834 	 0.849824
0 	 111 	 0.973834 	 0.849822
0 	 112 	 0.974120 	 0.850149
0 	 113 	 0.974120 	 0.850149
0 	 114 	 0.974775 	 0.850353
0 	 115 	 0.974775 	 0.850354
0 	 116 	 0.975442 	 0.851293
0 	 117 	 0.975442 	 0.851295
0 	 118 	 0.976154 	 0.851538
0 	 119 	 0.976154 	 0.851538
0 	 120 	 0.976496 	 0.852209
0 	 121 	 0.976496 	 0.852211
0 	 122 	 0.976929 	 0.852133
0 	 123 	 0.976929 	 0.852134
0 	 124 	 0.977405 	 0.852478
0 	 125 	 0.977405 	 0.852480
0 	 126 	 0.977748 	 0.852822
0 	 127 	 0.977748 	 0.852823
0 	 128 	 0.978024 	 0.852882
0 	 129 	 0.978024 	 0.852881
0 	 130 	 0.978205 	 0.853016
0 	 131 	 0.978205 	 0.853016
0 	 132 	 0.978435 	 0.853494
0 	 133 	 0.978435 	 0.853494
0 	 134 	 0.978596 	 0.853775
0 	 135 	 0.978596 	 0.853775
0 	 136 	 0.978895 	 0.854754
0 	 137 	 0.978895 	 0.854753
0 	 138 	 0.979294 	 0.855040
0 	 139 	 0.979294 	 0.855040
0 	 140 	 0.979534 	 0.855260
0 	 141 	 0.979534 	 0.855260
0 	 142 	 0.979762 	 0.855460
0 	 143 	 0.979762 	 0.855460
0 	 144 	 0.980027 	 0.855525
0 	 145 	 0.980027 	 0.855525
0 	 146 	 0.980315 	 0.855563
0 	 147 	 0.980315 	 0.855563
0 	 148 	 0.980573 	 0.855511
0 	 149 	 0.980573 	 0.855511
0 	 150 	 0.980811 	 0.855809
0 	 151 	 0.980811 	 0.855809
0 	 152 	 0.981115 	 0.856242
0 	 153 	 0.981115 	 0.856242
0 	 154 	 0.981288 	 0.856090
0 	 155 	 0.981288 	 0.856090
0 	 156 	 0.981437 	 0.856226
0 	 157 	 0.981437 	 0.856226
0 	 158 	 0.981626 	 0.856575
0 	 159 	 0.981626 	 0.856575
0 	 160 	 0.981742 	 0.856726
0 	 161 	 0.981742 	 0.856726
0 	 162 	 0.982061 	 0.856680
0 	 163 	 0.982061 	 0.856680
0 	 164 	 0.982296 	 0.856803
0 	 165 	 0.982296 	 0.856803
0 	 166 	 0.982578 	 0.856708
0 	 167 	 0.982578 	 0.856708
0 	 168 	 0.982814 	 0.856797
0 	 169 	 0.982814 	 0.856797
0 	 170 	 0.983060 	 0.856624
0 	 171 	 0.983060 	 0.856624
0 	 172 	 0.983254 	 0.856701
0 	 173 	 0.983254 	 0.856701
0 	 174 	 0.983851 	 0.856865
0 	 175 	 0.983851 	 0.856865
0 	 176 	 0.984295 	 0.857244
0 	 177 	 0.984295 	 0.857244
0 	 178 	 0.984620 	 0.856650
0 	 179 	 0.984620 	 0.856650
0 	 180 	 0.984772 	 0.856656
0 	 181 	 0.984772 	 0.856656
0 	 182 	 0.984899 	 0.856674
0 	 183 	 0.984899 	 0.856674
0 	 184 	 0.985023 	 0.856711
0 	 185 	 0.985023 	 0.856711
0 	 186 	 0.985202 	 0.856678
0 	 187 	 0.985202 	 0.856678
0 	 188 	 0.985332 	 0.856902
0 	 189 	 0.985332 	 0.856902
0 	 190 	 0.985460 	 0.856830
0 	 191 	 0.985460 	 0.856830
0 	 192 	 0.985610 	 0.856823
0 	 193 	 0.985610 	 0.856823
0 	 194 	 0.985783 	 0.856975
0 	 195 	 0.985783 	 0.856975
0 	 196 	 0.985955 	 0.856791
0 	 197 	 0.985955 	 0.856791
1 	 0 	 0.880776 	 0.797463
1 	 1 	 0.880663 	 0.797147
1 	 2 	 0.893683 	 0.826144
1 	 3 	 0.893679 	 0.825191
1 	 4 	 0.899973 	 0.835099
1 	 5 	 0.899713 	 0.834886
1 	 6 	 0.908665 	 0.846399
1 	 7 	 0.908900 	 0.846601
1 	 8 	 0.912611 	 0.845206
1 	 9 	 0.912629 	 0.844734
1 	 10 	 0.915553 	 0.853659
1 	 11 	 0.915534 	 0.853546
1 	 12 	 0.917642 	 0.856126
1 	 13 	 0.917717 	 0.856155
1 	 14 	 0.918539 	 0.855903
1 	 15 	 0.918424 	 0.856316
1 	 16 	 0.918508 	 0.855704
1 	 17 	 0.918512 	 0.855371
1 	 18 	 0.921290 	 0.856120
1 	 19 	 0.921326 	 0.856040
1 	 20 	 0.927235 	 0.859159
1 	 21 	 0.927201 	 0.858888
1 	 22 	 0.929465 	 0.860518
1 	 23 	 0.929441 	 0.860372
1 	 24 	 0.929526 	 0.861952
1 	 25 	 0.929492 	 0.862004
1 	 26 	 0.930289 	 0.862620
1 	 27 	 0.930276 	 0.862622
1 	 28 	 0.931552 	 0.864328
1 	 29 	 0.931525 	 0.864359
1 	 30 	 0.934559 	 0.865465
1 	 31 	 0.934570 	 0.865431
1 	 32 	 0.937004 	 0.866670
1 	 33 	 0.937005 	 0.866706
1 	 34 	 0.939056 	 0.868181
1 	 35 	 0.939045 	 0.868200
1 	 36 	 0.940120 	 0.868359
1 	 37 	 0.940105 	 0.868288
1 	 38 	 0.941580 	 0.867878
1 	 39 	 0.941581 	 0.867875
1 	 40 	 0.942883 	 0.868066
1 	 41 	 0.942853 	 0.868024
1 	 42 	 0.943159 	 0.869480
1 	 43 	 0.943141 	 0.869466
1 	 44 	 0.944293 	 0.869043
1 	 45 	 0.944251 	 0.869021
1 	 46 	 0.945209 	 0.869526
1 	 47 	 0.945212 	 0.869548
1 	 48 	 0.946848 	 0.870321
1 	 49 	 0.946843 	 0.870320
1 	 50 	 0.947811 	 0.870276
1 	 51 	 0.947804 	 0.870292
1 	 52 	 0.948808 	 0.870907
1 	 53 	 0.948801 	 0.870893
1 	 54 	 0.949625 	 0.870712
1 	 55 	 0.949618 	 0.870717
1 	 56 	 0.950223 	 0.870709
1 	 57 	 0.950209 	 0.870714
1 	 58 	 0.951202 	 0.871202
1 	 59 	 0.951205 	 0.871222
1 	 60 	 0.952553 	 0.871096
1 	 61 	 0.952540 	 0.871099
1 	 62 	 0.953656 	 0.871164
1 	 63 	 0.953654 	 0.871149
1 	 64 	 0.954447 	 0.871422
1 	 65 	 0.954437 	 0.871451
1 	 66 	 0.955667 	 0.872076
1 	 67 	 0.955669 	 0.872080
1 	 68 	 0.956778 	 0.872223
1 	 69 	 0.956777 	 0.872230
1 	 70 	 0.957964 	 0.872429
1 	 71 	 0.957964 	 0.872424
1 	 72 	 0.958747 	 0.872611
1 	 73 	 0.958746 	 0.872602
1 	 74 	 0.959823 	 0.873330
1 	 75 	 0.959823 	 0.873314
1 	 76 	 0.960530 	 0.873154
1 	 77 	 0.960530 	 0.873150
1 	 78 	 0.961169 	 0.872827
1 	 79 	 0.961170 	 0.872820
1 	 80 	 0.961857 	 0.873391
1 	 81 	 0.961857 	 0.873389
1 	 82 	 0.962641 	 0.873738
1 	 83 	 0.962641 	 0.873734
1 	 84 	 0.963181 	 0.873877
1 	 85 	 0.963181 	 0.873876
1 	 86 	 0.963895 	 0.874061
1 	 87 	 0.963896 	 0.874062
1 	 88 	 0.964391 	 0.874505
1 	 89 	 0.964390 	 0.874508
1 	 90 	 0.964986 	 0.873959
1 	 91 	 0.964986 	 0.873963
1 	 92 	 0.965765 	 0.873958
1 	 93 	 0.965765 	 0.873960
1 	 94 	 0.966428 	 0.874477
1 	 95 	 0.966428 	 0.874481
1 	 96 	 0.966642 	 0.875201
1 	 97 	 0.966642 	 0.875201
1 	 98 	 0.966995 	 0.875716
1 	 99 	 0.966995 	 0.875718
1 	 100 	 0.967405 	 0.875980
1 	 101 	 0.967405 	 0.875979
1 	 102 	 0.968130 	 0.876925
1 	 103 	 0.968130 	 0.876924
1 	 104 	 0.968894 	 0.877319
1 	 105 	 0.968894 	 0.877320
1 	 106 	 0.969505 	 0.877712
1 	 107 	 0.969506 	 0.877710
1 	 108 	 0.970141 	 0.878153
1 	 109 	 0.970141 	 0.878153
1 	 110 	 0.970828 	 0.878585
1 	 111 	 0.970828 	 0.878585
1 	 112 	 0.971417 	 0.878842
1 	 113 	 0.971417 	 0.878844
1 	 114 	 0.971940 	 0.878842
1 	 115 	 0.971940 	 0.878843
1 	 116 	 0.972516 	 0.879756
1 	 117 	 0.972516 	 0.879757
1 	 118 	 0.972910 	 0.879827
1 	 119 	 0.972910 	 0.879828
1 	 120 	 0.973231 	 0.879684
1 	 121 	 0.973231 	 0.879684
1 	 122 	 0.973653 	 0.880407
1 	 123 	 0.973653 	 0.880407
1 	 124 	 0.974134 	 0.879862
1 	 125 	 0.974134 	 0.879861
1 	 126 	 0.974374 	 0.880192
1 	 127 	 0.974374 	 0.880193
1 	 128 	 0.974711 	 0.880631
1 	 129 	 0.974711 	 0.880632
1 	 130 	 0.975092 	 0.880875
1 	 131 	 0.975092 	 0.880876
1 	 132 	 0.975464 	 0.881164
1 	 133 	 0.975464 	 0.881164
1 	 134 	 0.976037 	 0.881930
1 	 135 	 0.976037 	 0.881930
1 	 136 	 0.976528 	 0.882041
1 	 137 	 0.976528 	 0.882041
1 	 138 	 0.976893 	 0.882460
1 	 139 	 0.976893 	 0.882460
1 	 140 	 0.977271 	 0.882190
1 	 141 	 0.977271 	 0.882190
1 	 142 	 0.977574 	 0.882325
1 	 143 	 0.977574 	 0.882325
1 	 144 	 0.977974 	 0.882443
1 	 145 	 0.977974 	 0.882443
1 	 146 	 0.978205 	 0.882438
1 	 147 	 0.978205 	 0.882438
1 	 148 	 0.978521 	 0.882614
1 	 149 	 0.978521 	 0.882614
1 	 150 	 0.978694 	 0.882795
1 	 151 	 0.978694 	 0.882795
1 	 152 	 0.978929 	 0.882881
1 	 153 	 0.978929 	 0.882881
1 	 154 	 0.979252 	 0.883040
1 	 155 	 0.979252 	 0.883040
1 	 156 	 0.979614 	 0.883143
1 	 157 	 0.979614 	 0.883143
1 	 158 	 0.979932 	 0.883451
1 	 159 	 0.979932 	 0.883451
1 	 160 	 0.980104 	 0.883192
1 	 161 	 0.980104 	 0.883192
1 	 162 	 0.980415 	 0.883517
1 	 163 	 0.980415 	 0.883517
1 	 164 	 0.980673 	 0.883855
1 	 165 	 0.980673 	 0.883855
1 	 166 	 0.980794 	 0.883712
1 	 167 	 0.980794 	 0.883712
1 	 168 	 0.981180 	 0.883882
1 	 169 	 0.981180 	 0.883882
1 	 170 	 0.981429 	 0.884083
1 	 171 	 0.981429 	 0.884083
1 	 172 	 0.981753 	 0.884231
1 	 173 	 0.981753 	 0.884231
1 	 174 	 0.982168 	 0.884426
1 	 175 	 0.982168 	 0.884426
1 	 176 	 0.982307 	 0.884603
1 	 177 	 0.982307 	 0.884603
1 	 178 	 0.982445 	 0.884664
1 	 179 	 0.982445 	 0.884664
1 	 180 	 0.982506 	 0.884618
1 	 181 	 0.982506 	 0.884618
1 	 182 	 0.982668 	 0.884850
1 	 183 	 0.982668 	 0.884850
1 	 184 	 0.982770 	 0.884980
1 	 185 	 0.982770 	 0.884980
1 	 186 	 0.983104 	 0.884967
1 	 187 	 0.983104 	 0.884967
1 	 188 	 0.983244 	 0.885114
1 	 189 	 0.983244 	 0.885114
1 	 190 	 0.983700 	 0.885210
1 	 191 	 0.983700 	 0.885210
1 	 192 	 0.983996 	 0.885454
1 	 193 	 0.983996 	 0.885454
1 	 194 	 0.984234 	 0.885371
1 	 195 	 0.984234 	 0.885371
1 	 196 	 0.984527 	 0.885722
1 	 197 	 0.984527 	 0.885722
1 	 198 	 0.984705 	 0.886057
1 	 199 	 0.984705 	 0.886057
1 	 200 	 0.984821 	 0.886246
1 	 201 	 0.984821 	 0.886246
1 	 202 	 0.984922 	 0.886460
1 	 203 	 0.984922 	 0.886460
1 	 204 	 0.985420 	 0.886668
1 	 205 	 0.985420 	 0.886668
1 	 206 	 0.985668 	 0.886914
1 	 207 	 0.985668 	 0.886914
1 	 208 	 0.986034 	 0.886619
1 	 209 	 0.986034 	 0.886619
1 	 210 	 0.986090 	 0.886538
1 	 211 	 0.986090 	 0.886538
1 	 212 	 0.986133 	 0.886522
1 	 213 	 0.986133 	 0.886522
1 	 214 	 0.986229 	 0.886637
1 	 215 	 0.986229 	 0.886637
1 	 216 	 0.986398 	 0.887011
1 	 217 	 0.986398 	 0.887011
1 	 218 	 0.986530 	 0.887519
1 	 219 	 0.986530 	 0.887519
1 	 220 	 0.986640 	 0.887790
1 	 221 	 0.986640 	 0.887790
1 	 222 	 0.986851 	 0.887786
1 	 223 	 0.986851 	 0.887786
1 	 224 	 0.987030 	 0.888048
1 	 225 	 0.987030 	 0.888048
1 	 226 	 0.987134 	 0.888213
1 	 227 	 0.987134 	 0.888213
1 	 228 	 0.987466 	 0.888623
1 	 229 	 0.987466 	 0.888623
1 	 230 	 0.987494 	 0.888630
1 	 231 	 0.987494 	 0.888630
1 	 232 	 0.987846 	 0.889169
1 	 233 	 0.987846 	 0.889169
1 	 234 	 0.988030 	 0.889361
1 	 235 	 0.988030 	 0.889361
1 	 236 	 0.988172 	 0.889809
1 	 237 	 0.988172 	 0.889809
1 	 238 	 0.988281 	 0.889931
1 	 239 	 0.988281 	 0.889931
1 	 240 	 0.988401 	 0.890213
1 	 241 	 0.988401 	 0.890213
1 	 242 	 0.988576 	 0.890098
1 	 243 	 0.988576 	 0.890098
1 	 244 	 0.988646 	 0.890106
1 	 245 	 0.988646 	 0.890106
1 	 246 	 0.988670 	 0.890074
1 	 247 	 0.988670 	 0.890074
1 	 248 	 0.988765 	 0.890350
1 	 249 	 0.988765 	 0.890350
1 	 250 	 0.988798 	 0.890394
1 	 251 	 0.988798 	 0.890394
1 	 252 	 0.989172 	 0.890540
1 	 253 	 0.989172 	 0.890540
1 	 254 	 0.989302 	 0.890752
1 	 255 	 0.989302 	 0.890752
1 	 256 	 0.989580 	 0.890879
1 	 257 	 0.989580 	 0.890879
1 	 258 	 0.989679 	 0.890980
1 	 259 	 0.989679 	 0.890980
1 	 260 	 0.989824 	 0.890891
1 	 261 	 0.989824 	 0.890891
1 	 262 	 0.989928 	 0.890971
1 	 263 	 0.989928 	 0.890971
1 	 264 	 0.990001 	 0.891014
1 	 265 	 0.990001 	 0.891014
1 	 266 	 0.990056 	 0.891075
1 	 267 	 0.990056 	 0.891075
1 	 268 	 0.990270 	 0.891128
1 	 269 	 0.990270 	 0.891128
1 	 270 	 0.990312 	 0.891090
1 	 271 	 0.990312 	 0.891090
1 	 272 	 0.990389 	 0.891391
1 	 273 	 0.990389 	 0.891391
1 	 274 	 0.990452 	 0.891579
1 	 275 	 0.990452 	 0.891579
1 	 276 	 0.990492 	 0.891704
1 	 277 	 0.990492 	 0.891704
1 	 278 	 0.990615 	 0.891729
1 	 279 	 0.990615 	 0.891729
1 	 280 	 0.990708 	 0.891870
1 	 281 	 0.990708 	 0.891870
1 	 282 	 0.990956 	 0.892134
1 	 283 	 0.990956 	 0.892134
1 	 284 	 0.990996 	 0.892156
1 	 285 	 0.990996 	 0.892156
1 	 286 	 0.991018 	 0.892199
1 	 287 	 0.991018 	 0.892199
1 	 288 	 0.991131 	 0.892451
1 	 289 	 0.991131 	 0.892451
1 	 290 	 0.991203 	 0.892646
1 	 291 	 0.991203 	 0.892646
1 	 292 	 0.991275 	 0.892846
1 	 293 	 0.991275 	 0.892846
1 	 294 	 0.991468 	 0.893193
1 	 295 	 0.991468 	 0.893193
1 	 296 	 0.991665 	 0.893328
1 	 297 	 0.991665 	 0.893328
1 	 298 	 0.991804 	 0.893547
1 	 299 	 0.991804 	 0.893547
1 	 300 	 0.991824 	 0.893675
1 	 301 	 0.991824 	 0.893675
1 	 302 	 0.991930 	 0.893581
1 	 303 	 0.991930 	 0.893581
1 	 304 	 0.991968 	 0.893602
1 	 305 	 0.991968 	 0.893602
1 	 306 	 0.992104 	 0.893843
1 	 307 	 0.992104 	 0.893843
1 	 308 	 0.992159 	 0.893688
1 	 309 	 0.992159 	 0.893688
1 	 310 	 0.992200 	 0.893510
1 	 311 	 0.992200 	 0.893510
1 	 312 	 0.992292 	 0.893648
1 	 313 	 0.992292 	 0.893648
1 	 314 	 0.992346 	 0.893695
1 	 315 	 0.992346 	 0.893695
1 	 316 	 0.992421 	 0.893976
1 	 317 	 0.992421 	 0.893976
1 	 318 	 0.992556 	 0.894275
1 	 319 	 0.992556 	 0.894275
1 	 320 	 0.992680 	 0.894504
1 	 321 	 0.992680 	 0.894504
1 	 322 	 0.992754 	 0.894501
1 	 323 	 0.992754 	 0.894501
1 	 324 	 0.992833 	 0.894617
1 	 325 	 0.992833 	 0.894617
1 	 326 	 0.992928 	 0.894944
1 	 327 	 0.992928 	 0.894944
1 	 328 	 0.992974 	 0.894855
1 	 329 	 0.992974 	 0.894855
1 	 330 	 0.992988 	 0.894847
1 	 331 	 0.992988 	 0.894847
1 	 332 	 0.993044 	 0.894850
1 	 333 	 0.993044 	 0.894850
1 	 334 	 0.993055 	 0.894839
1 	 335 	 0.993055 	 0.894839
1 	 336 	 0.993258 	 0.894768
1 	 337 	 0.993258 	 0.894768
1 	 338 	 0.993447 	 0.894837
1 	 339 	 0.993447 	 0.894837
1 	 340 	 0.993526 	 0.894864
1 	 341 	 0.993526 	 0.894864
1 	 342 	 0.993547 	 0.894860
1 	 343 	 0.993547 	 0.894860
1 	 344 	 0.993555 	 0.894914
1 	 345 	 0.993555 	 0.894914
1 	 346 	 0.993588 	 0.894871
1 	 347 	 0.993588 	 0.894871
2 	 0 	 0.883658 	 0.842109
2 	 1 	 0.883380 	 0.843296
2 	 2 	 0.901696 	 0.857300
2 	 3 	 0.901461 	 0.857961
2 	 4 	 0.906704 	 0.865052
2 	 5 	 0.906582 	 0.865259
2 	 6 	 0.911515 	 0.864504
2 	 7 	 0.911395 	 0.865313
2 	 8 	 0.915461 	 0.867385
2 	 9 	 0.915237 	 0.868326
2 	 10 	 0.917506 	 0.873019
2 	 11 	 0.917476 	 0.872787
2 	 12 	 0.919871 	 0.872887
2 	 13 	 0.919858 	 0.872818
2 	 14 	 0.921102 	 0.872795
2 	 15 	 0.920939 	 0.873033
2 	 16 	 0.925874 	 0.872902
2 	 17 	 0.925811 	 0.872849
2 	 18 	 0.926816 	 0.874134
2 	 19 	 0.926750 	 0.874120
2 	 20 	 0.928111 	 0.873737
2 	 21 	 0.927988 	 0.873669
2 	 22 	 0.929482 	 0.874074
2 	 23 	 0.929409 	 0.874030
2 	 24 	 0.930400 	 0.874230
2 	 25 	 0.930259 	 0.874349
2 	 26 	 0.931375 	 0.874967
2 	 27 	 0.931297 	 0.874912
2 	 28 	 0.932586 	 0.874885
2 	 29 	 0.932522 	 0.874984
2 	 30 	 0.933630 	 0.877072
2 	 31 	 0.933622 	 0.877047
2 	 32 	 0.934648 	 0.877131
2 	 33 	 0.934673 	 0.877180
2 	 34 	 0.936398 	 0.878873
2 	 35 	 0.936374 	 0.878764
2 	 36 	 0.938181 	 0.878968
2 	 37 	 0.938129 	 0.878825
2 	 38 	 0.939285 	 0.879770
2 	 39 	 0.939295 	 0.879711
2 	 40 	 0.939927 	 0.878979
2 	 41 	 0.939921 	 0.878935
2 	 42 	 0.940644 	 0.879208
2 	 43 	 0.940646 	 0.879216
2 	 44 	 0.941472 	 0.879230
2 	 45 	 0.941457 	 0.879138
2 	 46 	 0.942241 	 0.879660
2 	 47 	 0.942216 	 0.879691
2 	 48 	 0.943794 	 0.879744
2 	 49 	 0.943781 	 0.879758
2 	 50 	 0.944552 	 0.880106
2 	 51 	 0.944535 	 0.880090
2 	 52 	 0.945469 	 0.880481
2 	 53 	 0.945474 	 0.880488
2 	 54 	 0.946563 	 0.881132
2 	 55 	 0.946560 	 0.881133
2 	 56 	 0.947671 	 0.881640
2 	 57 	 0.947666 	 0.881627
2 	 58 	 0.948412 	 0.881573
2 	 59 	 0.948408 	 0.881576
2 	 60 	 0.949657 	 0.882017
2 	 61 	 0.949657 	 0.882007
2 	 62 	 0.950974 	 0.882313
2 	 63 	 0.950978 	 0.882308
2 	 64 	 0.951454 	 0.883034
2 	 65 	 0.951452 	 0.883044
2 	 66 	 0.952486 	 0.883305
2 	 67 	 0.952484 	 0.883315
2 	 68 	 0.953510 	 0.883930
2 	 69 	 0.953511 	 0.883938
2 	 70 	 0.954335 	 0.883685
2 	 71 	 0.954336 	 0.883689
2 	 72 	 0.954998 	 0.884102
2 	 73 	 0.954998 	 0.884106
2 	 74 	 0.955809 	 0.884605
2 	 75 	 0.955809 	 0.884608
2 	 76 	 0.956608 	 0.885280
2 	 77 	 0.956607 	 0.885272
2 	 78 	 0.957421 	 0.885641
2 	 79 	 0.957421 	 0.885642
2 	 80 	 0.958818 	 0.885810
2 	 81 	 0.958818 	 0.885804
2 	 82 	 0.960010 	 0.886203
2 	 83 	 0.960010 	 0.886211
2 	 84 	 0.960505 	 0.886173
2 	 85 	 0.960505 	 0.886162
2 	 86 	 0.961222 	 0.886189
2 	 87 	 0.961222 	 0.886200
2 	 88 	 0.961790 	 0.886223
2 	 89 	 0.961790 	 0.886222
2 	 90 	 0.962467 	 0.886705
2 	 91 	 0.962467 	 0.886708
2 	 92 	 0.962960 	 0.887430
2 	 93 	 0.962960 	 0.887423
2 	 94 	 0.963614 	 0.887399
2 	 95 	 0.963614 	 0.887404
2 	 96 	 0.964708 	 0.887984
2 	 97 	 0.964708 	 0.887990
2 	 98 	 0.965333 	 0.888334
2 	 99 	 0.965333 	 0.888341
2 	 100 	 0.965841 	 0.888739
2 	 101 	 0.965841 	 0.888735
2 	 102 	 0.966146 	 0.888899
2 	 103 	 0.966146 	 0.888891
2 	 104 	 0.966776 	 0.889957
2 	 105 	 0.966776 	 0.889958
2 	 106 	 0.967398 	 0.889990
2 	 107 	 0.967398 	 0.889992
2 	 108 	 0.967782 	 0.889968
2 	 109 	 0.967782 	 0.889969
2 	 110 	 0.968456 	 0.890371
2 	 111 	 0.968456 	 0.890373
2 	 112 	 0.968853 	 0.889975
2 	 113 	 0.968853 	 0.889979
2 	 114 	 0.969421 	 0.890218
2 	 115 	 0.969422 	 0.890215
2 	 116 	 0.970102 	 0.890435
2 	 117 	 0.970102 	 0.890434
2 	 118 	 0.970795 	 0.890537
2 	 119 	 0.970795 	 0.890533
2 	 120 	 0.971365 	 0.890929
2 	 121 	 0.971365 	 0.890928
2 	 122 	 0.971906 	 0.891225
2 	 123 	 0.971906 	 0.891227
2 	 124 	 0.972324 	 0.891315
2 	 125 	 0.972324 	 0.891315
2 	 126 	 0.972673 	 0.891665
2 	 127 	 0.972673 	 0.891665
2 	 128 	 0.972953 	 0.891946
2 	 129 	 0.972952 	 0.891946
2 	 130 	 0.973234 	 0.892032
2 	 131 	 0.973234 	 0.892032
2 	 132 	 0.973577 	 0.892114
2 	 133 	 0.973577 	 0.892114
2 	 134 	 0.974024 	 0.892240
2 	 135 	 0.974024 	 0.892240
2 	 136 	 0.974290 	 0.892246
2 	 137 	 0.974290 	 0.892246
2 	 138 	 0.974698 	 0.892290
2 	 139 	 0.974698 	 0.892290
2 	 140 	 0.975132 	 0.892291
2 	 141 	 0.975132 	 0.892291
2 	 142 	 0.975480 	 0.892569
2 	 143 	 0.975480 	 0.892569
2 	 144 	 0.975847 	 0.892817
2 	 145 	 0.975847 	 0.892818
2 	 146 	 0.976102 	 0.892643
2 	 147 	 0.976102 	 0.892642
2 	 148 	 0.976403 	 0.892907
2 	 149 	 0.976403 	 0.892907
2 	 150 	 0.976876 	 0.892993
2 	 151 	 0.976876 	 0.892992
2 	 152 	 0.977047 	 0.893189
2 	 153 	 0.977047 	 0.893188
2 	 154 	 0.977219 	 0.893326
2 	 155 	 0.977219 	 0.893326
2 	 156 	 0.977521 	 0.893330
2 	 157 	 0.977521 	 0.893330
2 	 158 	 0.977723 	 0.893160
2 	 159 	 0.977723 	 0.893159
2 	 160 	 0.977906 	 0.892739
2 	 161 	 0.977906 	 0.892739
2 	 162 	 0.977962 	 0.892695
2 	 163 	 0.977962 	 0.892695
2 	 164 	 0.978078 	 0.892589
2 	 165 	 0.978078 	 0.892588
2 	 166 	 0.978243 	 0.892887
2 	 167 	 0.978243 	 0.892887
2 	 168 	 0.978993 	 0.892860
2 	 169 	 0.978993 	 0.892859
2 	 170 	 0.979652 	 0.893294
2 	 171 	 0.979652 	 0.893294
2 	 172 	 0.980109 	 0.893834
2 	 173 	 0.980109 	 0.893834
2 	 174 	 0.980673 	 0.894140
2 	 175 	 0.980673 	 0.894140
2 	 176 	 0.980971 	 0.894118
2 	 177 	 0.980971 	 0.894118
2 	 178 	 0.981283 	 0.894111
2 	 179 	 0.981283 	 0.894111
2 	 180 	 0.981568 	 0.894136
2 	 181 	 0.981568 	 0.894136
2 	 182 	 0.981770 	 0.894414
2 	 183 	 0.981770 	 0.894414
2 	 184 	 0.982149 	 0.894566
2 	 185 	 0.982149 	 0.894566
2 	 186 	 0.982440 	 0.894798
2 	 187 	 0.982440 	 0.894798
2 	 188 	 0.982623 	 0.894660
2 	 189 	 0.982623 	 0.894660
2 	 190 	 0.982837 	 0.894799
2 	 191 	 0.982837 	 0.894799
2 	 192 	 0.983272 	 0.894754
2 	 193 	 0.983272 	 0.894754
2 	 194 	 0.983677 	 0.894820
2 	 195 	 0.983677 	 0.894820
2 	 196 	 0.984053 	 0.894897
2 	 197 	 0.984053 	 0.894897
2 	 198 	 0.984235 	 0.895016
2 	 199 	 0.984235 	 0.895016
2 	 200 	 0.984404 	 0.895070
2 	 201 	 0.984404 	 0.895070
2 	 202 	 0.984743 	 0.895537
2 	 203 	 0.984743 	 0.895537
2 	 204 	 0.984996 	 0.895689
2 	 205 	 0.984996 	 0.895689
2 	 206 	 0.985128 	 0.895614
2 	 207 	 0.985128 	 0.895614
2 	 208 	 0.985319 	 0.895641
2 	 209 	 0.985319 	 0.895641
2 	 210 	 0.985429 	 0.895597
2 	 211 	 0.985429 	 0.895597
2 	 212 	 0.985525 	 0.895408
2 	 213 	 0.985525 	 0.895408
2 	 214 	 0.985656 	 0.895393
2 	 215 	 0.985656 	 0.895393
2 	 216 	 0.985892 	 0.895438
2 	 217 	 0.985892 	 0.895438
2 	 218 	 0.986117 	 0.895398
2 	 219 	 0.986117 	 0.895398
2 	 220 	 0.986355 	 0.895669
2 	 221 	 0.986355 	 0.895669
2 	 222 	 0.986445 	 0.895602
2 	 223 	 0.986445 	 0.895602
2 	 224 	 0.986745 	 0.895740
2 	 225 	 0.986745 	 0.895740
2 	 226 	 0.986958 	 0.895801
2 	 227 	 0.986958 	 0.895801
2 	 228 	 0.987219 	 0.896159
2 	 229 	 0.987219 	 0.896159
2 	 230 	 0.987249 	 0.896099
2 	 231 	 0.987249 	 0.896099
2 	 232 	 0.987499 	 0.896001
2 	 233 	 0.987499 	 0.896001
2 	 234 	 0.987597 	 0.896241
2 	 235 	 0.987597 	 0.896241
2 	 236 	 0.987661 	 0.896400
2 	 237 	 0.987661 	 0.896400
2 	 238 	 0.987828 	 0.896375
2 	 239 	 0.987828 	 0.896375
2 	 240 	 0.988028 	 0.896231
2 	 241 	 0.988028 	 0.896231
2 	 242 	 0.988179 	 0.896095
2 	 243 	 0.988179 	 0.896095
2 	 244 	 0.988239 	 0.896110
2 	 245 	 0.988239 	 0.896110
2 	 246 	 0.988298 	 0.896039
2 	 247 	 0.988298 	 0.896039
2 	 248 	 0.988374 	 0.896126
2 	 249 	 0.988374 	 0.896126
2 	 250 	 0.988460 	 0.896187
2 	 251 	 0.988460 	 0.896187
2 	 252 	 0.988581 	 0.896121
2 	 253 	 0.988581 	 0.896121
2 	 254 	 0.988764 	 0.896280
2 	 255 	 0.988764 	 0.896280
2 	 256 	 0.988970 	 0.896228
2 	 257 	 0.988970 	 0.896228
3 	 0 	 0.881927 	 0.822691
3 	 1 	 0.881835 	 0.822334
3 	 2 	 0.889901 	 0.844533
3 	 3 	 0.889857 	 0.844346
3 	 4 	 0.899656 	 0.849079
3 	 5 	 0.899452 	 0.848390
3 	 6 	 0.905418 	 0.848540
3 	 7 	 0.905546 	 0.848126
3 	 8 	 0.910084 	 0.849233
3 	 9 	 0.910198 	 0.849616
3 	 10 	 0.911335 	 0.852170
3 	 11 	 0.911336 	 0.852252
3 	 12 	 0.913432 	 0.855302
3 	 13 	 0.913669 	 0.855371
3 	 14 	 0.917331 	 0.857189
3 	 15 	 0.917406 	 0.857424
3 	 16 	 0.922115 	 0.859509
3 	 17 	 0.922127 	 0.859807
3 	 18 	 0.923791 	 0.859705
3 	 19 	 0.923869 	 0.859790
3 	 20 	 0.925350 	 0.862069
3 	 21 	 0.925415 	 0.862231
3 	 22 	 0.927447 	 0.863183
3 	 23 	 0.927539 	 0.863402
3 	 24 	 0.928806 	 0.863507
3 	 25 	 0.928832 	 0.863484
3 	 26 	 0.929524 	 0.865280
3 	 27 	 0.929538 	 0.865270
3 	 28 	 0.932097 	 0.865043
3 	 29 	 0.932105 	 0.864990
3 	 30 	 0.934303 	 0.866685
3 	 31 	 0.934277 	 0.866758
3 	 32 	 0.935495 	 0.866868
3 	 33 	 0.935474 	 0.866797
3 	 34 	 0.936556 	 0.866701
3 	 35 	 0.936527 	 0.866866
3 	 36 	 0.937040 	 0.867239
3 	 37 	 0.937039 	 0.867423
3 	 38 	 0.938913 	 0.868693
3 	 39 	 0.938916 	 0.868725
3 	 40 	 0.940256 	 0.868688
3 	 41 	 0.940254 	 0.868685
3 	 42 	 0.940976 	 0.868866
3 	 43 	 0.940950 	 0.869087
3 	 44 	 0.941955 	 0.868587
3 	 45 	 0.941978 	 0.868560
3 	 46 	 0.942747 	 0.869137
3 	 47 	 0.942731 	 0.869307
3 	 48 	 0.943631 	 0.868637
3 	 49 	 0.943644 	 0.868684
3 	 50 	 0.945411 	 0.868284
3 	 51 	 0.945375 	 0.868264
3 	 52 	 0.946126 	 0.868161
3 	 53 	 0.946114 	 0.868151
3 	 54 	 0.947151 	 0.868546
3 	 55 	 0.947143 	 0.868578
3 	 56 	 0.948730 	 0.868748
3 	 57 	 0.948714 	 0.868711
3 	 58 	 0.949529 	 0.868798
3 	 59 	 0.949537 	 0.868742
3 	 60 	 0.950357 	 0.870131
3 	 61 	 0.950368 	 0.870160
3 	 62 	 0.950981 	 0.870403
3 	 63 	 0.950970 	 0.870371
3 	 64 	 0.951719 	 0.871390
3 	 65 	 0.951697 	 0.871424
3 	 66 	 0.952498 	 0.871502
3 	 67 	 0.952496 	 0.871499
3 	 68 	 0.953475 	 0.871855
3 	 69 	 0.953485 	 0.871860
3 	 70 	 0.954970 	 0.872880
3 	 71 	 0.954968 	 0.872885
3 	 72 	 0.955677 	 0.873138
3 	 73 	 0.955676 	 0.873139
3 	 74 	 0.956061 	 0.873508
3 	 75 	 0.956066 	 0.873516
3 	 76 	 0.956393 	 0.873225
3 	 77 	 0.956392 	 0.873232
3 	 78 	 0.956805 	 0.873776
3 	 79 	 0.956803 	 0.873780
3 	 80 	 0.957206 	 0.874200
3 	 81 	 0.957204 	 0.874193
3 	 82 	 0.957715 	 0.874765
3 	 83 	 0.957716 	 0.874764
3 	 84 	 0.958707 	 0.874447
3 	 85 	 0.958706 	 0.874440
3 	 86 	 0.959552 	 0.874226
3 	 87 	 0.959551 	 0.874227
3 	 88 	 0.960333 	 0.874440
3 	 89 	 0.960333 	 0.874439
3 	 90 	 0.961042 	 0.874903
3 	 91 	 0.961042 	 0.874909
3 	 92 	 0.961492 	 0.874983
3 	 93 	 0.961491 	 0.874982
3 	 94 	 0.962116 	 0.875295
3 	 95 	 0.962115 	 0.875300
3 	 96 	 0.962798 	 0.875272
3 	 97 	 0.962799 	 0.875268
3 	 98 	 0.963415 	 0.875894
3 	 99 	 0.963415 	 0.875892
3 	 100 	 0.963896 	 0.876279
3 	 101 	 0.963895 	 0.876282
3 	 102 	 0.964466 	 0.877174
3 	 103 	 0.964465 	 0.877173
3 	 104 	 0.964981 	 0.877262
3 	 105 	 0.964980 	 0.877264
3 	 106 	 0.965393 	 0.877759
3 	 107 	 0.965392 	 0.877761
3 	 108 	 0.966159 	 0.877726
3 	 109 	 0.966159 	 0.877726
3 	 110 	 0.966964 	 0.878866
3 	 111 	 0.966964 	 0.878866
3 	 112 	 0.967504 	 0.879126
3 	 113 	 0.967504 	 0.879126
3 	 114 	 0.967858 	 0.879150
3 	 115 	 0.967858 	 0.879150
3 	 116 	 0.968217 	 0.879214
3 	 117 	 0.968217 	 0.879214
3 	 118 	 0.968534 	 0.878814
3 	 119 	 0.968534 	 0.878814
3 	 120 	 0.969356 	 0.879314
3 	 121 	 0.969356 	 0.879314
3 	 122 	 0.969704 	 0.879529
3 	 123 	 0.969704 	 0.879529
3 	 124 	 0.970374 	 0.880081
3 	 125 	 0.970374 	 0.880080
3 	 126 	 0.970802 	 0.880132
3 	 127 	 0.970802 	 0.880132
3 	 128 	 0.971411 	 0.880298
3 	 129 	 0.971411 	 0.880298
3 	 130 	 0.971753 	 0.880752
3 	 131 	 0.971753 	 0.880752
3 	 132 	 0.972071 	 0.880960
3 	 133 	 0.972071 	 0.880961
3 	 134 	 0.972331 	 0.881361
3 	 135 	 0.972331 	 0.881361
3 	 136 	 0.972591 	 0.881380
3 	 137 	 0.972591 	 0.881380
3 	 138 	 0.972889 	 0.881214
3 	 139 	 0.972889 	 0.881214
3 	 140 	 0.973549 	 0.881395
3 	 141 	 0.973549 	 0.881395
3 	 142 	 0.973959 	 0.881634
3 	 143 	 0.973959 	 0.881634
3 	 144 	 0.974428 	 0.881883
3 	 145 	 0.974428 	 0.881883
3 	 146 	 0.974811 	 0.882140
3 	 147 	 0.974811 	 0.882140
3 	 148 	 0.975332 	 0.882388
3 	 149 	 0.975332 	 0.882388
3 	 150 	 0.975873 	 0.882846
3 	 151 	 0.975873 	 0.882846
3 	 152 	 0.976222 	 0.882828
3 	 153 	 0.976222 	 0.882828
3 	 154 	 0.976510 	 0.882949
3 	 155 	 0.976510 	 0.882949
3 	 156 	 0.977122 	 0.883269
3 	 157 	 0.977122 	 0.883269
3 	 158 	 0.977454 	 0.883670
3 	 159 	 0.977454 	 0.883670
3 	 160 	 0.977724 	 0.883717
3 	 161 	 0.977724 	 0.883717
3 	 162 	 0.978008 	 0.883842
3 	 163 	 0.978008 	 0.883842
3 	 164 	 0.978146 	 0.884085
3 	 165 	 0.978146 	 0.884085
3 	 166 	 0.978312 	 0.884286
3 	 167 	 0.978312 	 0.884286
3 	 168 	 0.978581 	 0.884730
3 	 169 	 0.978581 	 0.884730
3 	 170 	 0.978994 	 0.885117
3 	 171 	 0.978994 	 0.885117
3 	 172 	 0.979584 	 0.885286
3 	 173 	 0.979584 	 0.885286
3 	 174 	 0.979985 	 0.885457
3 	 175 	 0.979985 	 0.885457
3 	 176 	 0.980352 	 0.885750
3 	 177 	 0.980352 	 0.885750
3 	 178 	 0.980787 	 0.886373
3 	 179 	 0.980787 	 0.886373
3 	 180 	 0.980944 	 0.886561
3 	 181 	 0.980944 	 0.886561
3 	 182 	 0.981157 	 0.886768
3 	 183 	 0.981157 	 0.886768
3 	 184 	 0.981272 	 0.886873
3 	 185 	 0.981272 	 0.886873
3 	 186 	 0.981592 	 0.887205
3 	 187 	 0.981592 	 0.887205
3 	 188 	 0.981897 	 0.887553
3 	 189 	 0.981897 	 0.887553
3 	 190 	 0.982077 	 0.887933
3 	 191 	 0.982077 	 0.887933
3 	 192 	 0.982327 	 0.887940
3 	 193 	 0.982327 	 0.887940
3 	 194 	 0.982514 	 0.888397
3 	 195 	 0.982514 	 0.888397
3 	 196 	 0.982696 	 0.888654
3 	 197 	 0.982696 	 0.888654
3 	 198 	 0.983089 	 0.888855
3 	 199 	 0.983089 	 0.888855
3 	 200 	 0.983423 	 0.888916
3 	 201 	 0.983423 	 0.888916
3 	 202 	 0.983558 	 0.889126
3 	 203 	 0.983558 	 0.889126
3 	 204 	 0.983723 	 0.889355
3 	 205 	 0.983723 	 0.889355
3 	 206 	 0.983857 	 0.889328
3 	 207 	 0.983857 	 0.889328
3 	 208 	 0.983953 	 0.889422
3 	 209 	 0.983953 	 0.889422
3 	 210 	 0.984167 	 0.889653
3 	 211 	 0.984167 	 0.889653
3 	 212 	 0.984264 	 0.889738
3 	 213 	 0.984264 	 0.889738
3 	 214 	 0.984475 	 0.889723
3 	 215 	 0.984475 	 0.889723
3 	 216 	 0.984648 	 0.889746
3 	 217 	 0.984648 	 0.889746
3 	 218 	 0.984752 	 0.889676
3 	 219 	 0.984752 	 0.889676
3 	 220 	 0.984883 	 0.889845
3 	 221 	 0.984883 	 0.889845
3 	 222 	 0.985008 	 0.889747
3 	 223 	 0.985008 	 0.889747
3 	 224 	 0.985130 	 0.889806
3 	 225 	 0.985130 	 0.889806
3 	 226 	 0.985241 	 0.889812
3 	 227 	 0.985241 	 0.889812
3 	 228 	 0.985391 	 0.890013
3 	 229 	 0.985391 	 0.890013
3 	 230 	 0.985479 	 0.890191
3 	 231 	 0.985479 	 0.890191
3 	 232 	 0.985696 	 0.890453
3 	 233 	 0.985696 	 0.890453
3 	 234 	 0.985996 	 0.890901
3 	 235 	 0.985996 	 0.890901
3 	 236 	 0.986244 	 0.891225
3 	 237 	 0.986244 	 0.891225
3 	 238 	 0.986484 	 0.891745
3 	 239 	 0.986484 	 0.891745
3 	 240 	 0.986606 	 0.892089
3 	 241 	 0.986606 	 0.892089
3 	 242 	 0.986645 	 0.892149
3 	 243 	 0.986645 	 0.892149
3 	 244 	 0.986815 	 0.892054
3 	 245 	 0.986815 	 0.892054
3 	 246 	 0.986954 	 0.892097
3 	 247 	 0.986954 	 0.892097
3 	 248 	 0.987060 	 0.892115
3 	 249 	 0.987060 	 0.892115
3 	 250 	 0.987103 	 0.892104
3 	 251 	 0.987103 	 0.892104
3 	 252 	 0.987266 	 0.892252
3 	 253 	 0.987266 	 0.892252
3 	 254 	 0.987326 	 0.892331
3 	 255 	 0.987326 	 0.892331
3 	 256 	 0.987466 	 0.892353
3 	 257 	 0.987466 	 0.892353
3 	 258 	 0.987733 	 0.892397
3 	 259 	 0.987733 	 0.892397
3 	 260 	 0.988002 	 0.892851
3 	 261 	 0.988002 	 0.892851
3 	 262 	 0.988326 	 0.893052
3 	 263 	 0.988326 	 0.893052
3 	 264 	 0.988483 	 0.893129
3 	 265 	 0.988483 	 0.893129
3 	 266 	 0.988579 	 0.893239
3 	 267 	 0.988579 	 0.893239
3 	 268 	 0.988658 	 0.893352
3 	 269 	 0.988658 	 0.893352
3 	 270 	 0.988718 	 0.893252
3 	 271 	 0.988718 	 0.893252
3 	 272 	 0.988794 	 0.893326
3 	 273 	 0.988794 	 0.893326
3 	 274 	 0.988848 	 0.893253
3 	 275 	 0.988848 	 0.893253
3 	 276 	 0.989038 	 0.893425
3 	 277 	 0.989038 	 0.893425
3 	 278 	 0.989154 	 0.893638
3 	 279 	 0.989154 	 0.893638
3 	 280 	 0.989232 	 0.893811
3 	 281 	 0.989232 	 0.893811
3 	 282 	 0.989286 	 0.893803
3 	 283 	 0.989286 	 0.893803
3 	 284 	 0.989419 	 0.893991
3 	 285 	 0.989419 	 0.893991
3 	 286 	 0.989457 	 0.894221
3 	 287 	 0.989457 	 0.894221
3 	 288 	 0.989610 	 0.894435
3 	 289 	 0.989610 	 0.894435
3 	 290 	 0.989838 	 0.894713
3 	 291 	 0.989838 	 0.894713
3 	 292 	 0.989925 	 0.894777
3 	 293 	 0.989925 	 0.894777
3 	 294 	 0.989948 	 0.894762
3 	 295 	 0.989948 	 0.894762
3 	 296 	 0.989970 	 0.894692
3 	 297 	 0.989970 	 0.894692
3 	 298 	 0.990038 	 0.894765
3 	 299 	 0.990038 	 0.894765
3 	 300 	 0.990136 	 0.895018
3 	 301 	 0.990136 	 0.895018
3 	 302 	 0.990183 	 0.894971
3 	 303 	 0.990183 	 0.894971
3 	 304 	 0.990285 	 0.895144
3 	 305 	 0.990285 	 0.895144
3 	 306 	 0.990318 	 0.895140
3 	 307 	 0.990318 	 0.895140
3 	 308 	 0.990446 	 0.895135
3 	 309 	 0.990446 	 0.895135
3 	 310 	 0.990485 	 0.895105
3 	 311 	 0.990485 	 0.895105
3 	 312 	 0.990668 	 0.895278
3 	 313 	 0.990668 	 0.895278
3 	 314 	 0.990755 	 0.895381
3 	 315 	 0.990755 	 0.895381
3 	 316 	 0.990874 	 0.895566
3 	 317 	 0.990874 	 0.895566
3 	 318 	 0.990982 	 0.895591
3 	 319 	 0.990982 	 0.895591
3 	 320 	 0.991106 	 0.895806
3 	 321 	 0.991106 	 0.895806
3 	 322 	 0.991219 	 0.896057
3 	 323 	 0.991219 	 0.896057
3 	 324 	 0.991338 	 0.896363
3 	 325 	 0.991338 	 0.896363
3 	 326 	 0.991409 	 0.896416
3 	 327 	 0.991409 	 0.896416
3 	 328 	 0.991672 	 0.896707
3 	 329 	 0.991672 	 0.896707
3 	 330 	 0.991682 	 0.896763
3 	 331 	 0.991682 	 0.896763
3 	 332 	 0.991701 	 0.896882
3 	 333 	 0.991701 	 0.896882
3 	 334 	 0.991736 	 0.896956
3 	 335 	 0.991736 	 0.896956
3 	 336 	 0.991790 	 0.896999
3 	 337 	 0.991790 	 0.896999
3 	 338 	 0.991824 	 0.897160
3 	 339 	 0.991824 	 0.897160
3 	 340 	 0.991885 	 0.897215
3 	 341 	 0.991885 	 0.897215
3 	 342 	 0.991939 	 0.897301
3 	 343 	 0.991939 	 0.897301
3 	 344 	 0.991962 	 0.897503
3 	 345 	 0.991962 	 0.897503
3 	 346 	 0.991976 	 0.897525
3 	 347 	 0.991976 	 0.897525
3 	 348 	 0.992045 	 0.897440
3 	 349 	 0.992045 	 0.897440
3 	 350 	 0.992072 	 0.897454
3 	 351 	 0.992072 	 0.897454
3 	 352 	 0.992178 	 0.897583
3 	 353 	 0.992178 	 0.897583
3 	 354 	 0.992204 	 0.897548
3 	 355 	 0.992204 	 0.897548
3 	 356 	 0.992305 	 0.897564
3 	 357 	 0.992305 	 0.897564
3 	 358 	 0.992345 	 0.897541
3 	 359 	 0.992345 	 0.897541
3 	 360 	 0.992406 	 0.897607
3 	 361 	 0.992406 	 0.897607
3 	 362 	 0.992431 	 0.897600
3 	 363 	 0.992431 	 0.897600
3 	 364 	 0.992498 	 0.897779
3 	 365 	 0.992498 	 0.897779
3 	 366 	 0.992528 	 0.898018
3 	 367 	 0.992528 	 0.898018
3 	 368 	 0.992578 	 0.898025
3 	 369 	 0.992578 	 0.898025
3 	 370 	 0.992629 	 0.898263
3 	 371 	 0.992629 	 0.898263
3 	 372 	 0.992679 	 0.898331
3 	 373 	 0.992679 	 0.898331
3 	 374 	 0.992723 	 0.898351
3 	 375 	 0.992723 	 0.898351
3 	 376 	 0.992777 	 0.898299
3 	 377 	 0.992777 	 0.898299
3 	 378 	 0.992889 	 0.898327
3 	 379 	 0.992889 	 0.898327
3 	 380 	 0.992910 	 0.898345
3 	 381 	 0.992910 	 0.898345
3 	 382 	 0.992953 	 0.898348
3 	 383 	 0.992953 	 0.898348
3 	 384 	 0.992971 	 0.898384
3 	 385 	 0.992971 	 0.898384
3 	 386 	 0.992997 	 0.898459
3 	 387 	 0.992997 	 0.898459
3 	 388 	 0.993020 	 0.898422
3 	 389 	 0.993020 	 0.898422
3 	 390 	 0.993047 	 0.898406
3 	 391 	 0.993047 	 0.898406
3 	 392 	 0.993068 	 0.898410
3 	 393 	 0.993068 	 0.898410
3 	 394 	 0.993095 	 0.898335
3 	 395 	 0.993095 	 0.898335
3 	 396 	 0.993197 	 0.898444
3 	 397 	 0.993197 	 0.898444
3 	 398 	 0.993367 	 0.898374
3 	 399 	 0.993367 	 0.898374
3 	 400 	 0.993466 	 0.898483
3 	 401 	 0.993466 	 0.898483
3 	 402 	 0.993536 	 0.898455
3 	 403 	 0.993536 	 0.898455
3 	 404 	 0.993595 	 0.898344
3 	 405 	 0.993595 	 0.898344
3 	 406 	 0.993715 	 0.898118
3 	 407 	 0.993715 	 0.898118
3 	 408 	 0.993768 	 0.898167
3 	 409 	 0.993768 	 0.898167
3 	 410 	 0.993798 	 0.898243
3 	 411 	 0.993798 	 0.898243
3 	 412 	 0.993828 	 0.898392
3 	 413 	 0.993828 	 0.898392
3 	 414 	 0.993926 	 0.898680
3 	 415 	 0.993926 	 0.898680
3 	 416 	 0.994051 	 0.898668
3 	 417 	 0.994051 	 0.898668
3 	 418 	 0.994127 	 0.898515
3 	 419 	 0.994127 	 0.898515
3 	 420 	 0.994166 	 0.898571
3 	 421 	 0.994166 	 0.898571
3 	 422 	 0.994188 	 0.898717
3 	 423 	 0.994188 	 0.898717
3 	 424 	 0.994211 	 0.898766
3 	 425 	 0.994211 	 0.898766
3 	 426 	 0.994376 	 0.898976
3 	 427 	 0.994376 	 0.898976
3 	 428 	 0.994532 	 0.898945
3 	 429 	 0.994532 	 0.898945
3 	 430 	 0.994680 	 0.899134
3 	 431 	 0.994680 	 0.899134
3 	 432 	 0.994771 	 0.899223
3 	 433 	 0.994771 	 0.899223
3 	 434 	 0.994856 	 0.899321
3 	 435 	 0.994856 	 0.899321
3 	 436 	 0.994884 	 0.899431
3 	 437 	 0.994884 	 0.899431
3 	 438 	 0.994910 	 0.899422
3 	 439 	 0.994910 	 0.899422
3 	 440 	 0.994949 	 0.899576
3 	 441 	 0.994949 	 0.899576
3 	 442 	 0.994958 	 0.899531
3 	 443 	 0.994958 	 0.899531
3 	 444 	 0.994996 	 0.899463
3 	 445 	 0.994996 	 0.899463
3 	 446 	 0.995040 	 0.899508
3 	 447 	 0.995040 	 0.899508
3 	 448 	 0.995063 	 0.899433
3 	 449 	 0.995063 	 0.899433
3 	 450 	 0.995188 	 0.899461
3 	 451 	 0.995188 	 0.899461
3 	 452 	 0.995311 	 0.899685
3 	 453 	 0.995311 	 0.899685
3 	 454 	 0.995420 	 0.899835
3 	 455 	 0.995420 	 0.899835
3 	 456 	 0.995453 	 0.899987
3 	 457 	 0.995453 	 0.899987
3 	 458 	 0.995474 	 0.900012
3 	 459 	 0.995474 	 0.900012
3 	 460 	 0.995482 	 0.900015
3 	 461 	 0.995482 	 0.900015
3 	 462 	 0.995489 	 0.900026
3 	 463 	 0.995489 	 0.900026
3 	 464 	 0.995512 	 0.900045
3 	 465 	 0.995512 	 0.900045
3 	 466 	 0.995531 	 0.900130
3 	 467 	 0.995531 	 0.900130
3 	 468 	 0.995654 	 0.900366
3 	 469 	 0.995654 	 0.900366
3 	 470 	 0.995783 	 0.900472
3 	 471 	 0.995783 	 0.900472
3 	 472 	 0.995856 	 0.900554
3 	 473 	 0.995856 	 0.900554
3 	 474 	 0.995908 	 0.900350
3 	 475 	 0.995908 	 0.900350
3 	 476 	 0.996026 	 0.900416
3 	 477 	 0.996026 	 0.900416
3 	 478 	 0.996133 	 0.900137
3 	 479 	 0.996133 	 0.900137
3 	 480 	 0.996282 	 0.900308
3 	 481 	 0.996282 	 0.900308
3 	 482 	 0.996364 	 0.900538
3 	 483 	 0.996364 	 0.900538
3 	 484 	 0.996486 	 0.900546
3 	 485 	 0.996486 	 0.900546
3 	 486 	 0.996503 	 0.900595
3 	 487 	 0.996503 	 0.900595
3 	 488 	 0.996537 	 0.900623
3 	 489 	 0.996537 	 0.900623
3 	 490 	 0.996554 	 0.900618
3 	 491 	 0.996554 	 0.900618
3 	 492 	 0.996591 	 0.900691
3 	 493 	 0.996591 	 0.900691
3 	 494 	 0.996607 	 0.900615
3 	 495 	 0.996607 	 0.900615
3 	 496 	 0.996619 	 0.900590
3 	 497 	 0.996619 	 0.900590
3 	 498 	 0.996683 	 0.900739
3 	 499 	 0.996683 	 0.900739
3 	 500 	 0.996756 	 0.900810
3 	 501 	 0.996756 	 0.900810
3 	 502 	 0.996787 	 0.900810
3 	 503 	 0.996787 	 0.900810
3 	 504 	 0.996799 	 0.900857
3 	 505 	 0.996799 	 0.900857
3 	 506 	 0.996808 	 0.900857
3 	 507 	 0.996808 	 0.900857
3 	 508 	 0.996836 	 0.900878
3 	 509 	 0.996836 	 0.900878
3 	 510 	 0.996889 	 0.901011
3 	 511 	 0.996889 	 0.901011
3 	 512 	 0.996953 	 0.901146
3 	 513 	 0.996953 	 0.901146
3 	 514 	 0.996996 	 0.901170
3 	 515 	 0.996996 	 0.901170
3 	 516 	 0.997003 	 0.901093
3 	 517 	 0.997003 	 0.901093
3 	 518 	 0.997046 	 0.901163
3 	 519 	 0.997046 	 0.901163
3 	 520 	 0.997062 	 0.901273
3 	 521 	 0.997062 	 0.901273
3 	 522 	 0.997068 	 0.901247
3 	 523 	 0.997068 	 0.901247
3 	 524 	 0.997072 	 0.901175
3 	 525 	 0.997072 	 0.901175
3 	 526 	 0.997075 	 0.901083
3 	 527 	 0.997075 	 0.901083
3 	 528 	 0.997137 	 0.901057
3 	 529 	 0.997137 	 0.901057
3 	 530 	 0.997155 	 0.900948
3 	 531 	 0.997155 	 0.900948
3 	 532 	 0.997198 	 0.900940
3 	 533 	 0.997198 	 0.900940
3 	 534 	 0.997257 	 0.900914
3 	 535 	 0.997257 	 0.900914
3 	 536 	 0.997286 	 0.900912
3 	 537 	 0.997286 	 0.900912
3 	 538 	 0.997294 	 0.901031
3 	 539 	 0.997294 	 0.901031
3 	 540 	 0.997305 	 0.901040
3 	 541 	 0.997305 	 0.901040
4 	 0 	 0.878084 	 0.817569
4 	 1 	 0.876603 	 0.819510
4 	 2 	 0.894607 	 0.836673
4 	 3 	 0.894353 	 0.838790
4 	 4 	 0.901234 	 0.839487
4 	 5 	 0.901658 	 0.840044
4 	 6 	 0.903659 	 0.838363
4 	 7 	 0.903407 	 0.838536
4 	 8 	 0.904365 	 0.842371
4 	 9 	 0.903953 	 0.842908
4 	 10 	 0.909181 	 0.845435
4 	 11 	 0.909035 	 0.846136
4 	 12 	 0.912548 	 0.852367
4 	 13 	 0.912549 	 0.853360
4 	 14 	 0.912451 	 0.850563
4 	 15 	 0.912734 	 0.851367
4 	 16 	 0.913482 	 0.852075
4 	 17 	 0.913570 	 0.852284
4 	 18 	 0.914437 	 0.851425
4 	 19 	 0.914314 	 0.851397
4 	 20 	 0.915061 	 0.852310
4 	 21 	 0.915140 	 0.852180
4 	 22 	 0.917180 	 0.852514
4 	 23 	 0.917149 	 0.852299
4 	 24 	 0.918006 	 0.854196
4 	 25 	 0.918223 	 0.854412
4 	 26 	 0.918669 	 0.853444
4 	 27 	 0.918697 	 0.853009
4 	 28 	 0.920228 	 0.855212
4 	 29 	 0.920300 	 0.855143
4 	 30 	 0.922227 	 0.856972
4 	 31 	 0.922287 	 0.856726
4 	 32 	 0.923075 	 0.857338
4 	 33 	 0.923139 	 0.857218
4 	 34 	 0.924497 	 0.858252
4 	 35 	 0.924564 	 0.858378
4 	 36 	 0.925859 	 0.858915
4 	 37 	 0.925839 	 0.858972
4 	 38 	 0.926792 	 0.859534
4 	 39 	 0.926744 	 0.859548
4 	 40 	 0.927762 	 0.860720
4 	 41 	 0.927766 	 0.860849
4 	 42 	 0.928539 	 0.860482
4 	 43 	 0.928556 	 0.860338
4 	 44 	 0.930437 	 0.861135
4 	 45 	 0.930489 	 0.861058
4 	 46 	 0.931684 	 0.861284
4 	 47 	 0.931688 	 0.861349
4 	 48 	 0.932556 	 0.862581
4 	 49 	 0.932537 	 0.862564
4 	 50 	 0.933335 	 0.864156
4 	 51 	 0.933321 	 0.864188
4 	 52 	 0.934487 	 0.864619
4 	 53 	 0.934450 	 0.864627
4 	 54 	 0.936193 	 0.865850
4 	 55 	 0.936212 	 0.865888
4 	 56 	 0.938009 	 0.866696
4 	 57 	 0.938013 	 0.866724
4 	 58 	 0.939591 	 0.867878
4 	 59 	 0.939590 	 0.867847
4 	 60 	 0.941143 	 0.868392
4 	 61 	 0.941142 	 0.868397
4 	 62 	 0.942295 	 0.869143
4 	 63 	 0.942299 	 0.869158
4 	 64 	 0.943358 	 0.869436
4 	 65 	 0.943360 	 0.869431
4 	 66 	 0.944590 	 0.870115
4 	 67 	 0.944587 	 0.870123
4 	 68 	 0.945935 	 0.870090
4 	 69 	 0.945928 	 0.870078
4 	 70 	 0.947208 	 0.870021
4 	 71 	 0.947205 	 0.870024
4 	 72 	 0.948605 	 0.870456
4 	 73 	 0.948606 	 0.870460
4 	 74 	 0.949085 	 0.870595
4 	 75 	 0.949085 	 0.870597
4 	 76 	 0.949562 	 0.870939
4 	 77 	 0.949563 	 0.870938
4 	 78 	 0.950418 	 0.871666
4 	 79 	 0.950418 	 0.871665
4 	 80 	 0.951619 	 0.872603
4 	 81 	 0.951618 	 0.872604
4 	 82 	 0.952433 	 0.873008
4 	 83 	 0.952432 	 0.873007
4 	 84 	 0.953644 	 0.873554
4 	 85 	 0.953644 	 0.873555
4 	 86 	 0.954712 	 0.873758
4 	 87 	 0.954711 	 0.873757
4 	 88 	 0.955668 	 0.874213
4 	 89 	 0.955668 	 0.874213
4 	 90 	 0.956297 	 0.874525
4 	 91 	 0.956297 	 0.874524
4 	 92 	 0.957072 	 0.874883
4 	 93 	 0.957072 	 0.874883
4 	 94 	 0.957701 	 0.874942
4 	 95 	 0.957702 	 0.874942
4 	 96 	 0.958088 	 0.874957
4 	 97 	 0.958088 	 0.874956
4 	 98 	 0.958938 	 0.875404
4 	 99 	 0.958938 	 0.875404
4 	 100 	 0.959573 	 0.875413
4 	 101 	 0.959573 	 0.875413
4 	 102 	 0.960109 	 0.875215
4 	 103 	 0.960109 	 0.875215
4 	 104 	 0.960761 	 0.875664
4 	 105 	 0.960761 	 0.875665
4 	 106 	 0.961194 	 0.876189
4 	 107 	 0.961194 	 0.876189
4 	 108 	 0.961921 	 0.876783
4 	 109 	 0.961921 	 0.876783
4 	 110 	 0.962786 	 0.877183
4 	 111 	 0.962786 	 0.877183
4 	 112 	 0.963349 	 0.877572
4 	 113 	 0.963349 	 0.877572
4 	 114 	 0.964246 	 0.877719
4 	 115 	 0.964246 	 0.877719
4 	 116 	 0.965023 	 0.878250
4 	 117 	 0.965024 	 0.878250
4 	 118 	 0.965460 	 0.878718
4 	 119 	 0.965460 	 0.878718
4 	 120 	 0.966036 	 0.879059
4 	 121 	 0.966036 	 0.879059
4 	 122 	 0.966686 	 0.879297
4 	 123 	 0.966686 	 0.879297
4 	 124 	 0.967019 	 0.879591
4 	 125 	 0.967019 	 0.879590
4 	 126 	 0.967563 	 0.879683
4 	 127 	 0.967563 	 0.879683
4 	 128 	 0.967960 	 0.879957
4 	 129 	 0.967960 	 0.879957
4 	 130 	 0.968547 	 0.880433
4 	 131 	 0.968547 	 0.880433
4 	 132 	 0.969064 	 0.880507
4 	 133 	 0.969064 	 0.880507
4 	 134 	 0.969538 	 0.880879
4 	 135 	 0.969538 	 0.880878
4 	 136 	 0.970169 	 0.881163
4 	 137 	 0.970169 	 0.881163
4 	 138 	 0.970521 	 0.881525
4 	 139 	 0.970521 	 0.881525
4 	 140 	 0.970790 	 0.882029
4 	 141 	 0.970790 	 0.882028
4 	 142 	 0.971136 	 0.882584
4 	 143 	 0.971136 	 0.882584
4 	 144 	 0.971644 	 0.882591
4 	 145 	 0.971644 	 0.882591
4 	 146 	 0.972156 	 0.883172
4 	 147 	 0.972156 	 0.883172
4 	 148 	 0.972699 	 0.883554
4 	 149 	 0.972699 	 0.883554
4 	 150 	 0.972912 	 0.883816
4 	 151 	 0.972912 	 0.883816
4 	 152 	 0.973166 	 0.884102
4 	 153 	 0.973166 	 0.884102
4 	 154 	 0.973396 	 0.884414
4 	 155 	 0.973396 	 0.884414
4 	 156 	 0.973804 	 0.884751
4 	 157 	 0.973804 	 0.884751
4 	 158 	 0.974420 	 0.885231
4 	 159 	 0.974420 	 0.885231
4 	 160 	 0.974823 	 0.885597
4 	 161 	 0.974823 	 0.885597
4 	 162 	 0.975092 	 0.885298
4 	 163 	 0.975092 	 0.885298
4 	 164 	 0.975300 	 0.885349
4 	 165 	 0.975300 	 0.885348
4 	 166 	 0.975451 	 0.885292
4 	 167 	 0.975451 	 0.885292
4 	 168 	 0.976225 	 0.885729
4 	 169 	 0.976225 	 0.885729
4 	 170 	 0.977087 	 0.886442
4 	 171 	 0.977087 	 0.886442
4 	 172 	 0.977720 	 0.886291
4 	 173 	 0.977720 	 0.886291
4 	 174 	 0.978155 	 0.886901
4 	 175 	 0.978155 	 0.886901
4 	 176 	 0.978570 	 0.887262
4 	 177 	 0.978570 	 0.887262
4 	 178 	 0.979029 	 0.887249
4 	 179 	 0.979029 	 0.887249
4 	 180 	 0.979314 	 0.887734
4 	 181 	 0.979314 	 0.887734
4 	 182 	 0.979548 	 0.887879
4 	 183 	 0.979548 	 0.887879
4 	 184 	 0.979787 	 0.888125
4 	 185 	 0.979787 	 0.888125
4 	 186 	 0.980056 	 0.888576
4 	 187 	 0.980056 	 0.888576
4 	 188 	 0.980154 	 0.888733
4 	 189 	 0.980154 	 0.888733
4 	 190 	 0.980222 	 0.888917
4 	 191 	 0.980222 	 0.888917
4 	 192 	 0.980703 	 0.888971
4 	 193 	 0.980703 	 0.888971
4 	 194 	 0.981423 	 0.888799
4 	 195 	 0.981423 	 0.888799
4 	 196 	 0.982043 	 0.888832
4 	 197 	 0.982043 	 0.888832
4 	 198 	 0.982234 	 0.888865
4 	 199 	 0.982234 	 0.888865
4 	 200 	 0.982412 	 0.889027
4 	 201 	 0.982412 	 0.889027
4 	 202 	 0.982512 	 0.889076
4 	 203 	 0.982512 	 0.889076
4 	 204 	 0.982777 	 0.889332
4 	 205 	 0.982777 	 0.889332
4 	 206 	 0.982961 	 0.889576
4 	 207 	 0.982961 	 0.889576
4 	 208 	 0.983220 	 0.889436
4 	 209 	 0.983220 	 0.889436
4 	 210 	 0.983447 	 0.889420
4 	 211 	 0.983447 	 0.889420
4 	 212 	 0.983595 	 0.889571
4 	 213 	 0.983595 	 0.889571
4 	 214 	 0.983917 	 0.889685
4 	 215 	 0.983917 	 0.889685
4 	 216 	 0.984145 	 0.889965
4 	 217 	 0.984145 	 0.889965
4 	 218 	 0.984514 	 0.890531
4 	 219 	 0.984514 	 0.890531
4 	 220 	 0.984753 	 0.891222
4 	 221 	 0.984753 	 0.891222
4 	 222 	 0.984964 	 0.891442
4 	 223 	 0.984964 	 0.891442
4 	 224 	 0.985148 	 0.891525
4 	 225 	 0.985148 	 0.891525
4 	 226 	 0.985374 	 0.891722
4 	 227 	 0.985374 	 0.891722
4 	 228 	 0.985513 	 0.891940
4 	 229 	 0.985513 	 0.891940
4 	 230 	 0.985706 	 0.892152
4 	 231 	 0.985706 	 0.892152
4 	 232 	 0.985866 	 0.892547
4 	 233 	 0.985866 	 0.892547
4 	 234 	 0.985928 	 0.892495
4 	 235 	 0.985928 	 0.892495
4 	 236 	 0.986021 	 0.892802
4 	 237 	 0.986021 	 0.892802
4 	 238 	 0.986289 	 0.893034
4 	 239 	 0.986289 	 0.893034
4 	 240 	 0.986391 	 0.893093
4 	 241 	 0.986391 	 0.893093
4 	 242 	 0.986500 	 0.893273
4 	 243 	 0.986500 	 0.893273
4 	 244 	 0.986552 	 0.893313
4 	 245 	 0.986552 	 0.893313
4 	 246 	 0.986625 	 0.893573
4 	 247 	 0.986625 	 0.893573
4 	 248 	 0.986721 	 0.893443
4 	 249 	 0.986721 	 0.893443
4 	 250 	 0.986829 	 0.893466
4 	 251 	 0.986829 	 0.893466
4 	 252 	 0.986930 	 0.893492
4 	 253 	 0.986930 	 0.893492
4 	 254 	 0.987012 	 0.893405
4 	 255 	 0.987012 	 0.893405
4 	 256 	 0.987041 	 0.893537
4 	 257 	 0.987041 	 0.893537
4 	 258 	 0.987281 	 0.893875
4 	 259 	 0.987281 	 0.893875
4 	 260 	 0.987474 	 0.893939
4 	 261 	 0.987474 	 0.893939
4 	 262 	 0.987715 	 0.894379
4 	 263 	 0.987715 	 0.894379
4 	 264 	 0.987864 	 0.894237
4 	 265 	 0.987864 	 0.894237
4 	 266 	 0.987911 	 0.894350
4 	 267 	 0.987911 	 0.894350
4 	 268 	 0.988062 	 0.894549
4 	 269 	 0.988062 	 0.894549
4 	 270 	 0.988142 	 0.894683
4 	 271 	 0.988142 	 0.894683
4 	 272 	 0.988214 	 0.894870
4 	 273 	 0.988214 	 0.894870
4 	 274 	 0.988253 	 0.894867
4 	 275 	 0.988253 	 0.894867
4 	 276 	 0.988437 	 0.895198
4 	 277 	 0.988437 	 0.895198
4 	 278 	 0.988505 	 0.895031
4 	 279 	 0.988505 	 0.895031
4 	 280 	 0.988737 	 0.895441
4 	 281 	 0.988737 	 0.895441
4 	 282 	 0.988779 	 0.895591
4 	 283 	 0.988779 	 0.895591
4 	 284 	 0.988881 	 0.895735
4 	 285 	 0.988881 	 0.895735
4 	 286 	 0.988900 	 0.895606
4 	 287 	 0.988900 	 0.895606
4 	 288 	 0.989000 	 0.895846
4 	 289 	 0.989000 	 0.895846
4 	 290 	 0.989120 	 0.895820
4 	 291 	 0.989120 	 0.895820
4 	 292 	 0.989188 	 0.895951
4 	 293 	 0.989188 	 0.895951
4 	 294 	 0.989384 	 0.896159
4 	 295 	 0.989384 	 0.896159
4 	 296 	 0.989437 	 0.896202
4 	 297 	 0.989437 	 0.896202
4 	 298 	 0.989470 	 0.896229
4 	 299 	 0.989470 	 0.896229
4 	 300 	 0.989606 	 0.896459
4 	 301 	 0.989606 	 0.896459
4 	 302 	 0.989892 	 0.896240
4 	 303 	 0.989892 	 0.896240
4 	 304 	 0.989955 	 0.896330
4 	 305 	 0.989955 	 0.896330
4 	 306 	 0.990025 	 0.896266
4 	 307 	 0.990025 	 0.896266
4 	 308 	 0.990065 	 0.896332
4 	 309 	 0.990065 	 0.896332
4 	 310 	 0.990087 	 0.896333
4 	 311 	 0.990087 	 0.896333
4 	 312 	 0.990321 	 0.896528
4 	 313 	 0.990321 	 0.896528
4 	 314 	 0.990388 	 0.896557
4 	 315 	 0.990388 	 0.896557
4 	 316 	 0.990523 	 0.896787
4 	 317 	 0.990523 	 0.896787
4 	 318 	 0.990647 	 0.896989
4 	 319 	 0.990647 	 0.896989
4 	 320 	 0.990759 	 0.897023
4 	 321 	 0.990759 	 0.897023
4 	 322 	 0.990913 	 0.897205
4 	 323 	 0.990913 	 0.897205
4 	 324 	 0.990945 	 0.897129
4 	 325 	 0.990945 	 0.897129
4 	 326 	 0.991040 	 0.897139
4 	 327 	 0.991040 	 0.897139
4 	 328 	 0.991082 	 0.897141
4 	 329 	 0.991082 	 0.897141
4 	 330 	 0.991144 	 0.896995
4 	 331 	 0.991144 	 0.896995
4 	 332 	 0.991234 	 0.897132
4 	 333 	 0.991234 	 0.897132
4 	 334 	 0.991287 	 0.897145
4 	 335 	 0.991287 	 0.897145
4 	 336 	 0.991335 	 0.897324
4 	 337 	 0.991335 	 0.897324
4 	 338 	 0.991387 	 0.897273
4 	 339 	 0.991387 	 0.897273
4 	 340 	 0.991496 	 0.897314
4 	 341 	 0.991496 	 0.897314
4 	 342 	 0.991523 	 0.897411
4 	 343 	 0.991523 	 0.897411
4 	 344 	 0.991537 	 0.897530
4 	 345 	 0.991537 	 0.897530
4 	 346 	 0.991551 	 0.897696
4 	 347 	 0.991551 	 0.897696
4 	 348 	 0.991597 	 0.897656
4 	 349 	 0.991597 	 0.897656
4 	 350 	 0.991618 	 0.897781
4 	 351 	 0.991618 	 0.897781
4 	 352 	 0.991754 	 0.898288
4 	 353 	 0.991754 	 0.898288
4 	 354 	 0.991858 	 0.898225
4 	 355 	 0.991858 	 0.898225
4 	 356 	 0.991988 	 0.898268
4 	 357 	 0.991988 	 0.898268
4 	 358 	 0.992054 	 0.898263
4 	 359 	 0.992054 	 0.898263
4 	 360 	 0.992113 	 0.898225
4 	 361 	 0.992113 	 0.898225
4 	 362 	 0.992160 	 0.898123
4 	 363 	 0.992160 	 0.898123
4 	 364 	 0.992227 	 0.898035
4 	 365 	 0.992227 	 0.898035
4 	 366 	 0.992376 	 0.898068
4 	 367 	 0.992376 	 0.898068
4 	 368 	 0.992486 	 0.898159
4 	 369 	 0.992486 	 0.898159
4 	 370 	 0.992530 	 0.898491
4 	 371 	 0.992530 	 0.898491
4 	 372 	 0.992598 	 0.898486
4 	 373 	 0.992598 	 0.898486
4 	 374 	 0.992662 	 0.898544
4 	 375 	 0.992662 	 0.898544
4 	 376 	 0.992704 	 0.898624
4 	 377 	 0.992704 	 0.898624
4 	 378 	 0.992784 	 0.898652
4 	 379 	 0.992784 	 0.898652
4 	 380 	 0.992849 	 0.898619
4 	 381 	 0.992849 	 0.898619
4 	 382 	 0.992868 	 0.898788
4 	 383 	 0.992868 	 0.898788
4 	 384 	 0.992886 	 0.898721
4 	 385 	 0.992886 	 0.898721
4 	 386 	 0.992907 	 0.898515
4 	 387 	 0.992907 	 0.898515
4 	 388 	 0.992928 	 0.898332
4 	 389 	 0.992928 	 0.898332
4 	 390 	 0.993104 	 0.898408
4 	 391 	 0.993104 	 0.898408
4 	 392 	 0.993271 	 0.898316
4 	 393 	 0.993271 	 0.898316
4 	 394 	 0.993322 	 0.898383
4 	 395 	 0.993322 	 0.898383
4 	 396 	 0.993391 	 0.898299
4 	 397 	 0.993391 	 0.898299
4 	 398 	 0.993553 	 0.898687
4 	 399 	 0.993553 	 0.898687
4 	 400 	 0.993660 	 0.899072
4 	 401 	 0.993660 	 0.899072
4 	 402 	 0.993707 	 0.899005
4 	 403 	 0.993707 	 0.899005
4 	 404 	 0.993760 	 0.899063
4 	 405 	 0.993760 	 0.899063
4 	 406 	 0.993856 	 0.899013
4 	 407 	 0.993856 	 0.899013
4 	 408 	 0.993938 	 0.899207
4 	 409 	 0.993938 	 0.899207
4 	 410 	 0.994003 	 0.899231
4 	 411 	 0.994003 	 0.899231
4 	 412 	 0.994061 	 0.899300
4 	 413 	 0.994061 	 0.899300
4 	 414 	 0.994093 	 0.899398
4 	 415 	 0.994093 	 0.899398
4 	 416 	 0.994121 	 0.899351
4 	 417 	 0.994121 	 0.899351
4 	 418 	 0.994146 	 0.899493
4 	 419 	 0.994146 	 0.899493
4 	 420 	 0.994221 	 0.899585
4 	 421 	 0.994221 	 0.899585
4 	 422 	 0.994235 	 0.899577
4 	 423 	 0.994235 	 0.899577
4 	 424 	 0.994276 	 0.899620
4 	 425 	 0.994276 	 0.899620
4 	 426 	 0.994370 	 0.899538
4 	 427 	 0.994370 	 0.899538
4 	 428 	 0.994386 	 0.899554
4 	 429 	 0.994386 	 0.899554
4 	 430 	 0.994447 	 0.899541
4 	 431 	 0.994447 	 0.899541
4 	 432 	 0.994566 	 0.899367
4 	 433 	 0.994566 	 0.899367
4 	 434 	 0.994590 	 0.899409
4 	 435 	 0.994590 	 0.899409
4 	 436 	 0.994672 	 0.899380
4 	 437 	 0.994672 	 0.899380
4 	 438 	 0.994716 	 0.899378
4 	 439 	 0.994716 	 0.899378
4 	 440 	 0.994726 	 0.899375
4 	 441 	 0.994726 	 0.899375
4 	 442 	 0.994773 	 0.899399
4 	 443 	 0.994773 	 0.899399
4 	 444 	 0.994827 	 0.899257
4 	 445 	 0.994827 	 0.899257
